Sequence,Label
YGNNNNGY,0
PKEPKEGR,0
PKEPKEGE,1
YGKEKEGY,0
YGSSSSGY,0
PKEPKEGY,0
EGQQQQGE,0
EGQQQQGE,0
ADARYKS,0
QQQQGE,0
VVVAHH,0
QQQGRR,0
VVVARR,0
QQQQGY,0
RGRWYGGEEEEE,0
RGRWYGGKKKKK,0
RGRWYGGNNNNN,0
RGRWGGIIIII,1
RGRWYGGPPPPP,0
DDDGGKEKEKE,0
RGDGGNNNNN,0
GDGDGGNNNNN,0
GWGDGGNNNNN,0
GWGWGGNNNNN,0
YYYGGKEKEKE,0
DDDGGIIIII,0
DDDGGNNNNN,0
DDDGGPPPPP,0
YYYGGNNNNN,1
YYYGGPPPPP,0
KEGSSVVVVV,1
KEYGGAAAAA,0
RGDSSYWCA,0
KEYGGLALAL,0
YGGPRPRPRPR,1
YGGYKSSSSS,0
GWGWKEAQGE,0
KEYGGVAVA,0
RGDSGIIGII,0
FQDFNDFADA,1
KTWQELYQLKI,0
QPRSSLLWFD,0
GKGIINSPYS,0
DGFGGRGYGG,0
RGWGGDGSGG,0
RGYGGDGQGG,0
RGFGGDGWGG,1
RGYGGDGYGG,0
DGYGGGAGFA,0
GHGLYRGKGG,1
GHGLYGEGLD,0
GHGLYGRGLK,1
GHGLYDGDGG,0
DGYGGGAGWA,1
DGYGGFPGVG,0
FEFEGGRGDS,0
QYDDEKSIVW,0
SRLKKFDFWS,1
YTRDLVYKNP,1
YGGSRSRSRSR,0
FLELKSFSE,0
WKKIRVRLSA,0
DAVIHASGKQ,0
GADGVGKSAL,1
RGDSADDARS,0
GFLGRGRDSG,0
RRFGFGFGRR,1
IIWYGRGIGIIRI,1
IRIGYGWIIIGIR,1
YIRWGIGGIIRII,1
IGIGIIYWIGRRI,1
IIDGDIIIGD,0
IIDGDDGII,0
DGGIIIIDDI,1
IDIIIDDGIG,0
NNYNYYNGNG,1
YYGNGNNNYN,1
GGNYYNNNYN,1
NYNNGGNYNY,1
AAAAPEEPAAAA,0
SQDIRTWNGTRS,0
AAAAPKKPAAAA,0
NQNYPKKPYNQN,0
DDAAAAAAAA,0
FGRGRRFGRF,0
FKSDSKWRFL,1
FRRGGRFFRG,1
DDIIIIIIII,1
DIIIIIIID,0
SGIIIIIIGS,1
KIIIIIIIIK,1
KKAAAAAAAA,1
KKIIIIIIII,1
DDVVVVVVVV,1
KKVVVVVVVV,1
ERERERERER,0
PRPRPRPRPR,0
SRSRSRSRSR,1
KGLLYRGGHG,0
SFLKRWKSFD,0
